Cus_ID,FullName,EmailAddress,Requested_Amount,Emi_Amount,Age,Postal_Code,Applicant_State_Desc,Applicant_City_Desc,Resid_Owned_By_Desc,No_Of_Years_At_Residence,Employment_Type_Desc,Duration_Of_Current_Emp,Years_In_Current_Business,Total_Work_Experience,Car_Register,Product_Name1,Product_Line,Loan_Term,Variant_Code,Manufacturer_Desc,Employment_Type_Desc,application_creation_date,Ex_Showroom_Price,Segment,Segment_Desc,Cost_Of_Vehicle,Average_Bank_Balance,Bureau_score,IRR,insurance_Code
1,James,James1@gmail.com,200000,5750,40.5,10600,Thonburi,Bnagkok,SELF,,SALARIED,5,,5,กมง 8682,CHEVROLET SPARK,CHEVROLET SPARK LT 1.0 BS-IV OBDII,48,LT 1.0 BS-IV OBDII,CHEVROLET INDIA  LTD,SALARIED,4/17/2015,,A2,Compact,237342,,594,24.7,101401
2,Charles,Charles1@gmail.com,1900000,,41.25,10240,bangkapi,Bnagkok,SELF,,RETIRED,,,,กมง 8688,FORTUNER 4 WD,TOYOTA - FORTUNER 4 WD,48,FORTUNER 4 WD,TOYOTA,RETIRED,4/23/2014,,SUV,SUV,2400000,,754,24.7,100602
3,George,George1@gmail.com,1600000,,39.5,10240,bangkapi,Bnagkok,SELF,,RETIRED,,,,กม6532,,TOYOTA - FORTUNER 3.0 L,48,FORTUNER 3.0 L,TOYOTA,RETIRED,4/25/2014,,SUV,SUV,2200000,,779,16.5,100602
4,Frank,Frank1@gmail.com,300000,9050,35,10240,bangkapi,Bnagkok,SELF,7,SALARIED,16,,16,กม4265,NISSAN MICRA,NISSAN MICRA,48,NISSAN MICRA XL,NISSAN,SALARIED,1/2/2013,365750,A2,Compact,365750,,818,18.1,100602
5,Joseph,Joseph1@gmail.com,250000,8750,34,10240,bangkapi,Bnagkok,SELF,2,SELF EMPLOYED NON-PROFESSIONAL,,3,,กม7067,XYLO E8,XYLO E8,36,XYLO E8,MAHINDRA,SELF EMPLOYED NON-PROFESSIONAL,1/12/2013,548750,MUV,MUV,548750,,853,17.69,100602
6,Thomas,Thomas1@gmail.com,150000,5127,33,10240,bangkapi,Bnagkok,SELF,25,SELF EMPLOYED NON-PROFESSIONAL,,6,,กม10060,FORD FIGO,FORD FIGO,36,FORD FIGO 1.4 LXI,FORD INDIA,SELF EMPLOYED NON-PROFESSIONAL,1/17/2013,329250,A2,Compact,329250,,777,14.66,100602
7,Henry,Henry1@gmail.com,430000,14592,45,10240,bangkapi,Bnagkok,SELF,40,SELF EMPLOYED PROFESSIONAL,,15,,กม12815,MARUTI SWIFT,MARUTI SWIFT,36,SWIFT DZIRE LDI,MARUTI,SELF EMPLOYED PROFESSIONAL,1/21/2013,482750,A3,Mid-Size,482750,,817,13.86,100602
8,Robert,Robert1@gmail.com,405000,13842,46,10240,bangkapi,Bnagkok,SELF,9,SELF EMPLOYED NON-PROFESSIONAL,,10,,กม11055,MARUTI RITZ,MARUTI RITZ,36,RITZLDI,MARUTI,SELF EMPLOYED NON-PROFESSIONAL,1/23/2013,461500,A2,Compact,461500,,789,14.37,100602
9,Edward,Edward1@gmail.com,276000,9567,34,10240,bangkapi,Bnagkok,SELF,10,SELF EMPLOYED NON-PROFESSIONAL,,5,,กม10777,HYUNDAI VERNA,HYUNDAI VERNA,36,VERNA CRDI SX,HYUNDAI,SELF EMPLOYED NON-PROFESSIONAL,1/31/2013,437250,A3,Mid-Size,437250,,828,14.54,100602
10,Harry,Harry1@gmail.com,234000,7997,34,10240,bangkapi,Bnagkok,SELF,25,SELF EMPLOYED NON-PROFESSIONAL,,5,,กม12420,ALTO LXI,MARUTI ALTO LXI,36,ALTO LXI,MARUTI,SELF EMPLOYED NON-PROFESSIONAL,2/12/2013,167737,A2,Compact,167737,,837,14.14,100602
11,Walter,Walter1@gmail.com,610000,20847,36,10240,bangkapi,Bnagkok,PARENTS,10,SELF EMPLOYED NON-PROFESSIONAL,,15,,กม13143,HYUNDAI VERNA,HYUNDAI VERNA,36,HYUNDAI VERNA XXI,HYUNDAI,SELF EMPLOYED NON-PROFESSIONAL,2/13/2013,868500,A3,Mid-Size,1737000,,738,14.03,100602
13,Arthur,Arthur1@gmail.com,200000,,37,10240,bangkapi,Bnagkok,,,SELF EMPLOYED NON-PROFESSIONAL,,,,กม15814,HYUNDAI I 10,HYUNDAI I 10,36,I-10,HYUNDAI,SELF EMPLOYED NON-PROFESSIONAL,2/16/2013,,,,243250,,-1,16.2,100602
14,Fred,Fred1@gmail.com,300000,11160,58,10240,bangkapi,Bnagkok,SELF,10,SELF EMPLOYED NON-PROFESSIONAL,,30,,กม5913,MARUTI SWIFT,MARUTI SWIFT,36,SWIFT VDI,MARUTI,SELF EMPLOYED NON-PROFESSIONAL,2/14/2013,345750,A2,Compact,345750,,788,14.1,100602
15,Albert,Albert1@gmail.com,292000,9980,47,10240,bangkapi,Bnagkok,SELF,15,SELF EMPLOYED NON-PROFESSIONAL,,15,,กม6814,SKODA FABIA,SKODA FABIA,36,FABIA AMB 1.2,SKODA,SELF EMPLOYED NON-PROFESSIONAL,2/23/2013,356000,A3,Mid-Size,356000,,518,17.3,100602
16,Samuel,Samuel1@gmail.com,437500,14952,38,10240,bangkapi,Bnagkok,SELF,7,SELF EMPLOYED NON-PROFESSIONAL,,10,,กม7752,HYUNDAI - ACCENT,HYUNDAI - ACCENT,36,ACCENT EXECUTIVE,HYUNDAI,SELF EMPLOYED NON-PROFESSIONAL,2/26/2013,312500,A3,Mid-Size,312500,,793,22.5,100602
17,David,David1@gmail.com,1260000,43065,63,10240,bangkapi,Bnagkok,SELF,20,SELF EMPLOYED NON-PROFESSIONAL,,5,,กม6747,CHEVROLET CRUZE,CHEVROLET CRUZE,36,CHEVROLET CRUZE,CHEVROLET INDIA LTD,SELF EMPLOYED NON-PROFESSIONAL,2/27/2013,1100000,A4,Executive,1100000,,-1,14.61,100602
18,Louis,Louis1@gmail.com,1240000,42380,38,10240,bangkapi,Bnagkok,SELF,20,SELF EMPLOYED NON-PROFESSIONAL,,12,,กฒ8688,SKODA YETI,SKODA YETI,36,SKODA YETI,SKODA,SELF EMPLOYED NON-PROFESSIONAL,2/27/2013,1150000,SUV,SUV,1150000,,806,14.06,100602
19,Joe,Joe1@gmail.com,220000,10780,57,10240,bangkapi,Bnagkok,SELF,6,SELF EMPLOYED NON-PROFESSIONAL,,16,,กฒ6532,MARUTI ALTO,MARUTI ALTO,36,ALTO LX,MARUTI,SELF EMPLOYED NON-PROFESSIONAL,3/5/2013,170000,A2,Compact,170000,,826,13.89,100602
20,Charlie,Charlie1@gmail.com,1198000,40945,40,10240,bangkapi,Bnagkok,SELF,5,SELF EMPLOYED NON-PROFESSIONAL,,20,,กฒ4265,SKODA SUPERB,SKODA SUPERB,36,SKODA SUPERB 1.8,SKODA,SELF EMPLOYED NON-PROFESSIONAL,3/5/2013,1877250,A5,Premium-I,1877250,,836,14.28,100602
21,Clarence,Clarence1@gmail.com,255000,12304,38,10240,bangkapi,Bnagkok,RENTED,3,SELF EMPLOYED NON-PROFESSIONAL,,17,,กฒ7067,FIAT PUNTO,FIAT PUNTO,24,PUNTO DYNAMIC DI,FIAT INDIA LTD,SELF EMPLOYED NON-PROFESSIONAL,3/7/2013,357000,A2,Compact,357000,,763,14.46,100602
22,Richard,Richard1@gmail.com,450000,10630,39,10240,bangkapi,Bnagkok,PARENTS,10,SELF EMPLOYED NON-PROFESSIONAL,,4,,กฒ10060,TATA INDICA,TATA INDICA,36,INDICA DLE STD AC,TATA MOTORS LTD,SELF EMPLOYED NON-PROFESSIONAL,3/13/2013,258750,A2,Compact,258750,,793,23.5,100602
23,Andrew,Andrew1@gmail.com,402000,14850,34,10240,bangkapi,Bnagkok,PARENTS,20,SELF EMPLOYED NON-PROFESSIONAL,,2,,กฒ12815,TATA INDIGO,TATA INDIGO,36,INDIGO CS GLX,TATA MOTORS LTD,SELF EMPLOYED NON-PROFESSIONAL,3/16/2013,335500,A3,Mid-Size,335500,,723,18.3,100602
24,Daniel,Daniel1@gmail.com,365000,12563,47,10240,bangkapi,Bnagkok,PARENTS,25,SELF EMPLOYED NON-PROFESSIONAL,,25,,กฒ11055,INDICA VISTA,INDICA VISTA,36,VISTA TERRA TDI,TATA MOTORS LTD,SELF EMPLOYED NON-PROFESSIONAL,3/18/2013,361250,A2,Compact,361250,,804,14.66,100602
25,Ernest,Ernest1@gmail.com,225000,7785,24,10240,bangkapi,Bnagkok,PARENTS,2,SELF EMPLOYED NON-PROFESSIONAL,,10,,กฒ10777,CHEVROLET SPARK,CHEVROLET SPARK,36,SPARK 1.0 LT,CHEVROLET INDIA LTD,SELF EMPLOYED NON-PROFESSIONAL,3/20/2013,279500,A2,Compact,279500,,789,25.4,100602
27,Will,Will1@gmail.com,1828000,62925,62,10240,bangkapi,Bnagkok,SELF,10,SELF EMPLOYED NON-PROFESSIONAL,,25,,กฒ12420,SKODA SUPERB,SKODA SUPERB,36,SKODA SUPERB 1.8,SKODA,SELF EMPLOYED NON-PROFESSIONAL,3/21/2013,1650000,A5,Premium-I,1650000,,764,14.24,100602
28,Jesse,Jesse1@gmail.com,160000,5507,35,10240,bangkapi,Bnagkok,SELF,2,SELF EMPLOYED NON-PROFESSIONAL,,2,,กฒ13143,MARUTI EECO,MARUTI EECO,36,EECO,MARUTI,SELF EMPLOYED NON-PROFESSIONAL,3/23/2013,224500,MUV,MUV,449000,,843,14.84,100602
30,Oscar,Oscar1@gmail.com,125000,4303,40,10240,bangkapi,Bnagkok,SELF,10,SALARIED,6,,15,กฒ15814,68,HYUNDAI,36,HYNDAI I10 MAGMA,HYUNDAI,SALARIED,3/26/2013,312500,A2,Compact,625000,,752,26,100602
32,Lewis,Lewis1@gmail.com,215000,7940,36,10240,bangkapi,Bnagkok,SELF,5,SELF EMPLOYED NON-PROFESSIONAL,,5,,กฒ5913,MARUTI ALTO,MARUTI ALTO,36,ALTO LX,MARUTI,SELF EMPLOYED NON-PROFESSIONAL,4/9/2013,173000,A2,Compact,173000,,663,11.6,100602
33,Peter,Peter1@gmail.com,300000,10327,38,10240,bangkapi,Bnagkok,SELF,2,SELF EMPLOYED NON-PROFESSIONAL,,10,,กฒ6814,LINEA PL EMOTION,FIAT LINEA PL EMOTION,36,LINEA PL EMOTION,FIAT INDIA LTD,SELF EMPLOYED NON-PROFESSIONAL,4/10/2013,363250,A3,Mid-Size,363250,,593,14.68,100602
34,Benjamin,Benjamin1@gmail.com,495000,9209,47.17,10240,bangkapi,Bnagkok,SELF,8,SELF EMPLOYED NON-PROFESSIONAL,,25,,กฒ7752,HYUNDAI VERNA,HYUNDAI - VERNA,36,VERNA,HYUNDAI,SELF EMPLOYED NON-PROFESSIONAL,4/26/2013,904500,A3,Mid-Size,904500,,652,22.3,100602
35,Frederick,Frederick1@gmail.com,475000,16350,31.42,10240,bangkapi,Bnagkok,SELF,6,SELF EMPLOYED NON-PROFESSIONAL,,5,,กฒ6747,FIGO 1.2L TITANIUM (P),FORD - FIGO 1.2L TITANIUM P,36,FIGO 1.2L TITANIUM P,FORD INDIA,SELF EMPLOYED NON-PROFESSIONAL,5/7/2013,490250,A4,Executive,490250,,749,14.53,100602
36,Willie,Willie1@gmail.com,199000,6850,39.92,10240,bangkapi,Bnagkok,SELF,2,SELF EMPLOYED NON-PROFESSIONAL,,5,,บด8688,MARUTI ZEN,MARUTI - ZEN ESTILLO LXI,36,ZEN ESTILLO LXI,MARUTI,SELF EMPLOYED NON-PROFESSIONAL,5/11/2013,261500,A2,Compact,261500,,731,14.56,100602
38,Alfred,Alfred1@gmail.com,450000,12638,30.92,10240,bangkapi,Bnagkok,SELF,3,SALARIED,3,,3,บด6532,HONDA CITY,HONDA - HONDA CITY 1.3 EXI,48,HONDA CITY 1.3 EXI,HONDA,SALARIED,5/23/2013,612750,A3,Mid-Size,612750,,-1,14.68,100602
39,Sam,Sam1@gmail.com,530000,18243,57.58,10240,bangkapi,Bnagkok,PARENTS,20,SELF EMPLOYED NON-PROFESSIONAL,,7,,บด4265,69,TATA MOTORS - FIAT PUNTO DI,36,FIAT PUNTO DI,TATA MOTORS LTD,SELF EMPLOYED NON-PROFESSIONAL,6/3/2013,467500,A2,Compact,467500,,553,24.4,100602
40,Roy,Roy1@gmail.com,500000,20800,33,10240,bangkapi,Bnagkok,RENTED,9,SELF EMPLOYED NON-PROFESSIONAL,,6,,บด7067,MAHINDRA XYLO,MAHINDRA - XYLO D2 DIESEL AC,36,XYLO D2 DIESEL AC,MAHINDRA,SELF EMPLOYED NON-PROFESSIONAL,7/5/2013,500000,MUV,MUV,500000,,752,15.01,100602
41,Herbert,Herbert1@gmail.com,740000,25470,49.75,10240,bangkapi,Bnagkok,SELF,5,SELF EMPLOYED NON-PROFESSIONAL,,23,,บด10060,HYUNDAI VERNA,HYUNDAI - HYUNDAI VERNA I,36,HYUNDAI VERNA I,HYUNDAI,SELF EMPLOYED NON-PROFESSIONAL,7/2/2013,646500,A3,Mid-Size,646500,,694,14.5,100602
42,Jacob,Jacob1@gmail.com,556750,12050,23.08,10240,bangkapi,Bnagkok,SELF,7,SELF EMPLOYED NON-PROFESSIONAL,,3,,บด12815,HYUNDAI I 20 SPORTZ,HYUNDAI - I 20 SPORTZ,60,I 20 SPORTZ,HYUNDAI,SELF EMPLOYED NON-PROFESSIONAL,7/15/2013,459516,A3,Mid-Size,459516,,781,19.22,100602
43,Tom,Tom1@gmail.com,310000,,35,10240,bangkapi,Bnagkok,,,SELF EMPLOYED NON-PROFESSIONAL,,,,บด11055,SKODA FABIA,SKODA - SKODA FABIA AMB1.2,48,SKODA FABIA AMB1.2,SKODA,SELF EMPLOYED NON-PROFESSIONAL,7/17/2013,,,,502852,,840,14.9,100602
44,Elmer,Elmer1@gmail.com,210000,7228,34.33,10240,bangkapi,Bnagkok,SELF,22,SELF EMPLOYED NON-PROFESSIONAL,,6,,บด10777,HYUNDAI - ACCENT,HYUNDAI - ACCENT,36,ACCENT,HYUNDAI,SELF EMPLOYED NON-PROFESSIONAL,7/17/2013,356312,A3,Mid-Size,356312,,693,14.67,100602
45,Carl,Carl1@gmail.com,149000,,36.08,10240,bangkapi,Bnagkok,,,SELF EMPLOYED NON-PROFESSIONAL,,,,บด12420,MARUTI EECO,MARUTI - EECO,36,EECO,MARUTI,SELF EMPLOYED NON-PROFESSIONAL,7/18/2013,,,,204449,,840,22.6,100602
46,Lee,Lee1@gmail.com,395000,13790,58.58,10240,bangkapi,Bnagkok,SELF,20,SELF EMPLOYED NON-PROFESSIONAL,,2,,บด13143,MARUTI SWIFT,MARUTI - SWIFT VDI,36,SWIFT VDI,MARUTI,SELF EMPLOYED NON-PROFESSIONAL,7/23/2013,522306,A2,Compact,522306,,784,14.13,100602
47,Howard,Howard1@gmail.com,855000,29640,46.08,10240,bangkapi,Bnagkok,SELF,25,SELF EMPLOYED NON-PROFESSIONAL,,10,,บด15814,MAHINDRA SCORPIO,MAHINDRA - SCORPIO,36,SCORPIO,MAHINDRA,SELF EMPLOYED NON-PROFESSIONAL,8/14/2013,613664,MUV,MUV,613664,,808,15.17,100602
48,Martin,Martin1@gmail.com,445000,15425,37.92,10240,bangkapi,Bnagkok,SELF,22,SALARIED,3.6,,3.6,บด5913,VOLKSWAGEN POLO,VOLKSWAGAN - VOLKSWAGEN POLO,36,VOLKSWAGEN POLO,VOLKSWAGAN,SALARIED,8/17/2013,541671,A2,Compact,541671,,802,19.8,100602
49,Michael,Michael1@gmail.com,258000,9007,44.5,10240,bangkapi,Bnagkok,PARENTS,12,SELF EMPLOYED NON-PROFESSIONAL,,7,,บด6814,SWIFT VXI,MARUTI - SWIFT VXI,36,SWIFT VXI,MARUTI,SELF EMPLOYED NON-PROFESSIONAL,9/20/2013,410000,A2,Compact,410000,,857,15.79,100602
50,Bert,Bert1@gmail.com,1160000,40500,48.08,10240,bangkapi,Bnagkok,RENTED,13,SELF EMPLOYED NON-PROFESSIONAL,,10,,บด7752,,TOYOTA - FORTUNER 3.0 L,36,FORTUNER 3.0 L,TOYOTA,SELF EMPLOYED NON-PROFESSIONAL,9/27/2013,1826601,SUV,SUV,1826601,,840,15.23,100602
52,Herman,Herman1@gmail.com,1494500,134540,47,10240,bangkapi,Bnagkok,SELF,5,SELF EMPLOYED NON-PROFESSIONAL,,6,6,บด6747,SKODA LAURA,SKODA - SKODA LAURA,12,SKODA LAURA,SKODA,SELF EMPLOYED NON-PROFESSIONAL,10/9/2013,1067709,A6,Premium-II,1067709,,840,14,100602
53,Jim,Jim1@gmail.com,217000,8000,42.58,10240,bangkapi,Bnagkok,SELF,20,SELF EMPLOYED PROFESSIONAL,,10,,บด8688,MARUTI EECO,MARUTI - EECO,36,EECO,MARUTI,SELF EMPLOYED PROFESSIONAL,10/10/2013,181235,MUV,MUV,181235,,771,22.1,100602
54,Francis,Francis1@gmail.com,350000,,41.25,10240,bangkapi,Bnagkok,SELF,,SALARIED,10,,10,บด6532,FORD FIGO,FORD - FORD FIGO 1.4 ZXI,36,FORD FIGO 1.4 ZXI,FORD INDIA,SALARIED,10/16/2013,,,,421725,,797,25.6,100602
55,Harvey,Harvey1@gmail.com,250000,,23.33,10240,bangkapi,Bnagkok,PARENTS,,SELF EMPLOYED NON-PROFESSIONAL,,,,บด4265,HONDA CITY,HONDA - HONDA CITY 1.3 EXI,48,HONDA CITY 1.3 EXI,HONDA,SELF EMPLOYED NON-PROFESSIONAL,10/26/2013,,,,320958,,800,13.8,100602
56,Earl,Earl1@gmail.com,300000,11226,36.17,10240,bangkapi,Bnagkok,SELF,20,SELF EMPLOYED NON-PROFESSIONAL,,7,7,บด7067,TATA INDIGO,TATA MOTORS - T INDIGO MANZA AQ,36,T INDIGO MANZA AQ,TATA MOTORS LTD,SELF EMPLOYED NON-PROFESSIONAL,10/28/2013,355428,A3,Mid-Size,355428,,733,12.2,100602
58,Eugene,Eugene1@gmail.com,312000,,31.42,10240,bangkapi,Bnagkok,SELF,,SELF EMPLOYED NON-PROFESSIONAL,,,,บด10060,TATA INDIGO,TATA MOTORS - TATA INDIGO LS,36,TATA INDIGO LS,TATA MOTORS LTD,SELF EMPLOYED NON-PROFESSIONAL,10/29/2013,,,,736616,,643,14.4,100602
59,Ralph,Ralph1@gmail.com,250000,9000,23.25,10240,bangkapi,Bnagkok,PARENTS,,SELF EMPLOYED NON-PROFESSIONAL,,10,,บด12815,TATA INDICA,TATA MOTORS - INDICA VISTA,36,INDICA VISTA,TATA MOTORS LTD,SELF EMPLOYED NON-PROFESSIONAL,12/29/2013,350000,A2,Compact,350000,,779,13.27,100602
60,Ed,Ed1@gmail.com,101000,5115,35.5,10240,bangkapi,Bnagkok,PARENTS,15,SALARIED,1,,3,บด11055,MARUTI ESTEEM,MARUTI - ESTEEM VXI,24,ESTEEM VXI,MARUTI,SALARIED,12/16/2013,112434,A2,Compact,112434,,572,18.08,100602
61,Claude,Claude1@gmail.com,250000,15000,43.67,10240,bangkapi,Bnagkok,SELF,,RETIRED,,,,บด10777,MAHINDRA XYLO,MAHINDRA - MAHINDRA XYLO BS-4,48,MAHINDRA XYLO BS-4,MAHINDRA,RETIRED,12/17/2013,458000,A2,Compact,916000,,810,12.6,100602
62,Edwin,Edwin1@gmail.com,223000,6275,59.58,10240,bangkapi,Bnagkok,SELF,5,SELF EMPLOYED NON-PROFESSIONAL,,20,,บด12420,,MARUTI - MARUTI WAGON R,36,MARUTI WAGON R,MARUTI,SELF EMPLOYED NON-PROFESSIONAL,12/20/2013,186215,A2,Compact,186215,,817,23.6,100602
63,Ben,Ben1@gmail.com,4300000,158000,48.42,10240,bangkapi,Bnagkok,SELF,6,SELF EMPLOYED NON-PROFESSIONAL,,10,,บด13143,LAND ROVER FREELANDER,LAND ROVER - FREELANDER 2SE,36,FREELANDER 2SE,LAND ROVER,SELF EMPLOYED NON-PROFESSIONAL,7/7/2014,4300000,SUV,SUV,4300000,37210.5,661,17.77,100602
64,Charley,Charley1@gmail.com,250000,9000,23.25,10240,bangkapi,Bnagkok,PARENTS,,SELF EMPLOYED NON-PROFESSIONAL,,10,,บด15814,TATA INDICA,TATA MOTORS - INDICA VISTA,36,INDICA VISTA,TATA MOTORS LTD,SELF EMPLOYED NON-PROFESSIONAL,12/29/2013,350000,A2,Compact,350000,,779,16.8,100602
65,Paul,Paul1@gmail.com,270000,9965,38.92,10240,bangkapi,Bnagkok,PARENTS,35,SELF EMPLOYED NON-PROFESSIONAL,,6,,บด5913,TATA INDICA,TATA MOTORS - INDICA VISTA,36,INDICA VISTA,TATA MOTORS LTD,SELF EMPLOYED NON-PROFESSIONAL,12/30/2013,360058,A2,Compact,360058,,803,18.55,100602
66,Edgar,Edgar1@gmail.com,167000,6238,30.58,10240,bangkapi,Bnagkok,SELF,25,SELF EMPLOYED NON-PROFESSIONAL,,7,,บด6814,MARUTI WAGON R,MARUTI - WAGON -R VXI,36,WAGON -R VXI,MARUTI,SELF EMPLOYED NON-PROFESSIONAL,1/2/2014,199638,A2,Compact,199638,,675,26,100602
67,Isaac,Isaac1@gmail.com,250000,8363,43.75,10240,bangkapi,Bnagkok,PARENTS,40,SELF EMPLOYED NON-PROFESSIONAL,,3,,บด7752,XYLO E8,MAHINDRA - XYLO E8,36,XYLO E8,MAHINDRA,SELF EMPLOYED NON-PROFESSIONAL,1/3/2014,455914,MUV,MUV,911828,,813,16,100602
69,Otto,Otto1@gmail.com,400000,13866,57.92,10240,bangkapi,Bnagkok,SELF,20,SELF EMPLOYED NON-PROFESSIONAL,,15,,บด6747,MAHINDRA BOLERO,MAHINDRA - BOLERO DI 2WD,36,BOLERO DI 2WD,MAHINDRA,SELF EMPLOYED NON-PROFESSIONAL,1/3/2014,348922,MUV,MUV,348922,,827,13.7,100602
70,Luther,Luther1@gmail.com,335000,8728,38.5,10240,bangkapi,Bnagkok,SELF,10,SELF EMPLOYED NON-PROFESSIONAL,,13,,บด21,TATA INDICA,TATA MOTORS - INDICA VISTA A TDI,36,INDICA VISTA A TDI,TATA MOTORS LTD,SELF EMPLOYED NON-PROFESSIONAL,1/6/2014,388764,A2,Compact,388764,,737,15.55,100602
72,Lawrence,Lawrence1@gmail.com,500000,18500,61.42,10240,bangkapi,Bnagkok,SELF,20,SELF EMPLOYED NON-PROFESSIONAL,,20,,บด1,TOYOTA LIVA,TOYOTA - TOYOTA LIVA ED G,36,TOYOTA LIVA ED G,TOYOTA,SELF EMPLOYED NON-PROFESSIONAL,1/7/2014,416565,A2,Compact,416565,,780,22.1,100602
74,Ira,Ira1@gmail.com,500000,17455,46.08,10240,bangkapi,Bnagkok,SELF,2,SELF EMPLOYED NON-PROFESSIONAL,,18,,บด211,HONDA CITY,HONDA - HONDA CITY 1 5 EMT,36,HONDA CITY 1 5 EMT,HONDA,SELF EMPLOYED NON-PROFESSIONAL,1/18/2014,478731,A3,Mid-Size,478731,,739,16,100602
76,Patrick,Patrick1@gmail.com,351000,9202,34.92,10240,bangkapi,Bnagkok,SELF,18,SELF EMPLOYED NON-PROFESSIONAL,,20,,บด2,FORD FIGO,FORD - FORD FIGO 1.2 ZXI,60,FORD FIGO 1.2 ZXI,FORD INDIA,SELF EMPLOYED NON-PROFESSIONAL,1/20/2014,292926,A2,Compact,292926,,791,19.53,100602
77,Guy,Guy1@gmail.com,444000,15500,48.5,10240,bangkapi,Bnagkok,SELF,18,SELF EMPLOYED NON-PROFESSIONAL,,4,,บด3,VOLKSWAGAN POLO,VOLKSWAGAN - POLO HIGHLINE 1.2,36,POLO HIGHLINE 1.2,VOLKSWAGAN,SELF EMPLOYED NON-PROFESSIONAL,1/21/2014,560000,A2,Compact,560000,,712,15.26,100602
78,Oliver,Oliver1@gmail.com,200000,5980,24.08,10240,bangkapi,Bnagkok,PARENTS,15,SELF EMPLOYED NON-PROFESSIONAL,,10,,บด4,TATA INDICA,TATA MOTORS - INDICA VISTA,48,INDICA VISTA,TATA MOTORS LTD,SELF EMPLOYED NON-PROFESSIONAL,1/21/2014,416165,A2,Compact,416165,,800,16.3,100602
79,Theodore,Theodore1@gmail.com,292000,7575,36.58,10220,Bang Khen,Bnagkok,SELF,7,SALARIED,15,,15,บด5,MARUTI ALTO,MARUTI - ALTO K 10 LXI,60,ALTO K 10 LXI,MARUTI,SALARIED,1/22/2014,243495,A2,Compact,243495,,740,18.77,100501
80,Hugh,Hugh1@gmail.com,210000,7331,36.58,10220,Bang Khen,Bnagkok,PARENTS,4,SELF EMPLOYED NON-PROFESSIONAL,,4,,บด6,MARUTI WAGON R,MARUTI - WAGON R DEO LXI,36,WAGON R DEO LXI,MARUTI,SELF EMPLOYED NON-PROFESSIONAL,1/28/2014,306468,A2,Compact,306468,,741,26,100501
81,Clyde,Clyde1@gmail.com,365000,9468,32.42,10220,Bang Khen,Bnagkok,RENTED,2,SALARIED,3.1,,6.2,บด7,HYUNDAI VERNA,HYUNDAI - VERNA CRDI VGT,60,VERNA CRDI VGT,HYUNDAI,SALARIED,1/30/2014,430133,A3,Mid-Size,430133,,741,18.17,100501
82,Alexander,Alexander1@gmail.com,104000,3812,42.67,10220,Bang Khen,Bnagkok,PARENTS,17,SALARIED,0.11,,0.11,บด8,CHEVY SPARK,CHEVROLET - CHEVY SPARK 1.0 PS,36,CHEVY SPARK 1.0 PS,CHEVROLET INDIA LTD,SALARIED,2/3/2014,149264,A2,Compact,149264,,-1,16.4,100501
83,August,August1@gmail.com,4600000,89287,44.33,10220,Bang Khen,Bnagkok,SELF,,SELF EMPLOYED NON-PROFESSIONAL,,10,,บด9,MERC BENZ,MERCEDEZ BENZ - MERC BENZ C220 CDI,60,MERC BENZ C220 CDI,MERCEDEZ BENZ,SELF EMPLOYED NON-PROFESSIONAL,2/12/2014,2868754,A6,Premium-II,2868754,,808,18.55,100501
84,Floyd,Floyd1@gmail.com,587000,12300,51.92,10220,Bang Khen,Bnagkok,SELF,10,SELF EMPLOYED NON-PROFESSIONAL,,35,,บด10,MARUTI RITZ,MARUTI - RITZLDI,48,RITZLDI,MARUTI,SELF EMPLOYED NON-PROFESSIONAL,2/19/2014,485000,A2,Compact,485000,,817,15.7,100501
85,Homer,Homer1@gmail.com,404000,16190,43.25,10220,Bang Khen,Bnagkok,PARENTS,2,SELF EMPLOYED NON-PROFESSIONAL,,13,,บด11,SAFARI LX 2.2,TATA MOTORS - SAFARI LX 2.2,32,SAFARI LX 2.2,TATA MOTORS LTD,SELF EMPLOYED NON-PROFESSIONAL,2/21/2014,336770,MUV,MUV,336770,,800,24.4,100501
86,Jack,Jack1@gmail.com,921000,33700,65.58,10220,Bang Khen,Bnagkok,SELF,25,SELF EMPLOYED NON-PROFESSIONAL,,40,,บด13,Maruti Suzuki Ertiga LDi,MARUTI - Maruti Suzuki Ertiga,36,Maruti Suzuki Ertiga,MARUTI,SELF EMPLOYED NON-PROFESSIONAL,2/22/2014,775236,A3,Mid-Size,1550472,,605,18.34,100501
88,Leonard,Leonard1@gmail.com,589000,17641,54.5,10220,Bang Khen,Bnagkok,SELF,20,SELF EMPLOYED NON-PROFESSIONAL,,10,,บด14,MAHINDRA XYLO,MAHINDRA - MAHINDRA XYLO E6,48,MAHINDRA XYLO E6,MAHINDRA,SELF EMPLOYED NON-PROFESSIONAL,2/26/2014,491811,MUV,MUV,491811,,758,14.4,100501
89,Horace,Horace1@gmail.com,465000,17045,33.42,10220,Bang Khen,Bnagkok,SELF,2,SELF EMPLOYED NON-PROFESSIONAL,,4,,บด15,MARUTI SWIFT,MARUTI - SWIFTLDI,36,SWIFTLDI,MARUTI,SELF EMPLOYED NON-PROFESSIONAL,2/28/2014,620159,A2,Compact,620159,,786,18.06,100501
91,Marion,Marion1@gmail.com,670000,,29.5,10220,Bang Khen,Bnagkok,PARENTS,,SALARIED,5,,5,บด16,SKODA LAURA,SKODA - SKODA LAURA AT 2.0,60,SKODA LAURA AT 2.0,SKODA,SALARIED,3/15/2014,,A5,Premium-I,812500,,703,17.1,100501
92,Philip,Philip1@gmail.com,485000,12581,41.75,10220,Bang Khen,Bnagkok,PARENTS,7,SELF EMPLOYED NON-PROFESSIONAL,,7,,บด17,SWIFT DEZIRE VXI,MARUTI - SWIFT DEZIRE VXI,60,SWIFT DEZIRE VXI,MARUTI,SELF EMPLOYED NON-PROFESSIONAL,3/19/2014,404560,A3,Mid-Size,404560,,819,18.49,100501
93,Allen,Allen1@gmail.com,172000,6030,39.08,10220,Bang Khen,Bnagkok,PARENTS,20,SELF EMPLOYED NON-PROFESSIONAL,,2.4,,บด18,MARUTI ALTO,MARUTI - ALTO K 10 LXI,36,ALTO K 10 LXI,MARUTI,SELF EMPLOYED NON-PROFESSIONAL,3/21/2014,207251,A2,Compact,207251,,731,15.82,100501
94,Archie,Archie1@gmail.com,769000,28000,46.42,10220,Bang Khen,Bnagkok,SELF,5,SELF EMPLOYED NON-PROFESSIONAL,,2,,บด19,SKODA LAURA,SKODA - LAURA AMB 2.0 TDI,36,LAURA AMB 2.0 TDI,SKODA,SELF EMPLOYED NON-PROFESSIONAL,3/21/2014,833524,A5,Premium-I,833524,,791,17.66,100501
95,Stephen,Stephen1@gmail.com,425000,11000,24.5,10220,Bang Khen,Bnagkok,RENTED,4,SELF EMPLOYED NON-PROFESSIONAL,,3,,บด20,SCORPIO VLX,MAHINDRA - SCORPIO VLX,60,SCORPIO VLX,MAHINDRA,SELF EMPLOYED NON-PROFESSIONAL,3/24/2014,854509,MUV,MUV,1709018,,809,26.5,100501
97,Chester,Chester1@gmail.com,740000,25993,31.33,10220,Bang Khen,Bnagkok,SELF,17,SELF EMPLOYED NON-PROFESSIONAL,,10,,บด21,NISSAN SUNNY,NISSAN - SUNNY XL CVT AT,36,SUNNY XL CVT AT,NISSAN,SELF EMPLOYED NON-PROFESSIONAL,3/26/2014,599547,A3,Mid-Size,599547,,788,18.37,100501
98,Willis,Willis1@gmail.com,700000,,46.75,10220,Bang Khen,Bnagkok,SELF,,SELF EMPLOYED NON-PROFESSIONAL,,10,,บด22,CHEVROLET CRUZE,CHEVROLET - CHEVROLET CRUZE,48,CHEVROLET CRUZE,CHEVROLET INDIA LTD,SELF EMPLOYED NON-PROFESSIONAL,3/29/2014,,A4,Executive,700000,,667,24.5,100501
100,Raymond,Raymond1@gmail.com,278000,,58.83,10220,Bang Khen,Bnagkok,SELF,,RETIRED,,,,บด23,SKODA FABIA,SKODA - FABIA AMB 1.2,36,FABIA AMB 1.2,SKODA,RETIRED,4/2/2014,,A3,Mid-Size,796096,,572,26,100501
101,Rufus,Rufus1@gmail.com,360000,,59.17,10220,Bang Khen,Bnagkok,SELF,,SELF EMPLOYED NON-PROFESSIONAL,,25,,บด24,MARUTI SWIFT,MARUTI - SWIFT VDI,36,SWIFT VDI,MARUTI,SELF EMPLOYED NON-PROFESSIONAL,4/11/2014,,A2,Compact,465000,,638,26.5,100501
102,Warren,Warren1@gmail.com,215000,7681,53.83,10220,Bang Khen,Bnagkok,SELF,20,SELF EMPLOYED NON-PROFESSIONAL,,20,,บด25,CHEVROLET BEAT,CHEVROLET - BEAT 1.2 LS,36,BEAT 1.2 LS,CHEVROLET INDIA LTD,SELF EMPLOYED NON-PROFESSIONAL,4/11/2014,248758,A2,Compact,248758,,801,18.38,100501
103,Jessie,Jessie1@gmail.com,350000,6935,28.75,10220,Bang Khen,Bnagkok,SELF,4,SELF EMPLOYED NON-PROFESSIONAL,,6,,บด27,HYUNDAI - ACCENT,HYUNDAI - ACCENT GLS,48,ACCENT GLS,HYUNDAI,SELF EMPLOYED NON-PROFESSIONAL,4/11/2014,275540,A3,Mid-Size,275540,,709,18.89,100501
104,Milton,Milton1@gmail.com,715000,25050,54,10220,Bang Khen,Bnagkok,SELF,10,SELF EMPLOYED NON-PROFESSIONAL,,18,,บด28,VOLKSWAGEN VENTO,VOLKSWAGAN - VENTO 1.6 AT,36,VENTO 1.6 AT,VOLKSWAGAN,SELF EMPLOYED NON-PROFESSIONAL,4/15/2014,742828,A3,Mid-Size,742828,,794,15.92,100501
105,Alex,Alex1@gmail.com,250000,8402,65.83,10220,Bang Khen,Bnagkok,SELF,30,SELF EMPLOYED NON-PROFESSIONAL,,2,,บด30,MARUTI SWIFT,MARUTI - SWIFT VDI,48,SWIFT VDI,MARUTI,SELF EMPLOYED NON-PROFESSIONAL,4/19/2014,351655,A2,Compact,351655,,752,18.6,100501
106,Leo,Leo1@gmail.com,175000,,29.25,10220,Bang Khen,Bnagkok,SELF,,SELF EMPLOYED NON-PROFESSIONAL,,10,,บด32,ALTO LXI,MARUTI - ALTO LXI,48,ALTO LXI,MARUTI,SELF EMPLOYED NON-PROFESSIONAL,4/19/2014,,A2,Compact,200000,,546,15.3,100501
107,Julius,Julius1@gmail.com,500000,16775,56.83,10220,Bang Khen,Bnagkok,SELF,30,SELF EMPLOYED NON-PROFESSIONAL,,9,,บด33,SWIFT DZIRE VDI,MARUTI - SWIFT DZIRE VDI,48,SWIFT DZIRE VDI,MARUTI,SELF EMPLOYED NON-PROFESSIONAL,4/21/2014,472169,A3,Mid-Size,472169,,792,18.57,100501
109,Ray,Ray1@gmail.com,350000,,47.75,10220,Bang Khen,Bnagkok,SELF,,SELF EMPLOYED NON-PROFESSIONAL,,10,,บด34,HONDA JAZZ,HONDA - HONDA JAZZ 1.2,36,HONDA JAZZ 1.2,HONDA,SELF EMPLOYED NON-PROFESSIONAL,4/26/2014,,A3,Mid-Size,400000,,741,12.5,100501
110,Sidney,Sidney1@gmail.com,302000,6671,29.83,10220,Bang Khen,Bnagkok,SELF,20,SELF EMPLOYED NON-PROFESSIONAL,,2,,บด35,,HYUNDAI - i 10 SPORTZ,36,i 10 SPORTZ,HYUNDAI,SELF EMPLOYED NON-PROFESSIONAL,4/28/2014,303539,A2,Compact,303539,,-1,19.27,100501
111,Bernard,Bernard1@gmail.com,420000,16568,32.83,10220,Bang Khen,Bnagkok,PARENTS,12,SELF EMPLOYED NON-PROFESSIONAL,,5,,บด36,MARUTI SWIFT,MARUTI - SWIFT DZIRE ZDI,36,SWIFT DZIRE ZDI,MARUTI,SELF EMPLOYED NON-PROFESSIONAL,5/3/2014,565108,A3,Mid-Size,565108,,832,15.3,100501
112,Dan,Dan1@gmail.com,350000,9442,42.75,10220,Bang Khen,Bnagkok,PARENTS,3,SALARIED,2,,3,บด38,41,HYUNDAI - HYUNDAI I 10,60,HYUNDAI I 10,HYUNDAI,SALARIED,5/8/2014,303539,A2,Compact,303539,,563,18.2,100501
113,Jerry,Jerry1@gmail.com,2500000,68841,47.67,10220,Bang Khen,Bnagkok,PARENTS,40,SELF EMPLOYED NON-PROFESSIONAL,,10,,บด39,BMW,BMW - BMW XI 20D HL,60,BMW XI 20D HL,BMW,SELF EMPLOYED NON-PROFESSIONAL,5/13/2014,2259389,A6,Premium-II,2259389,,788,17.89,100501
114,Calvin,Calvin1@gmail.com,325000,12463,26.42,10220,Bang Khen,Bnagkok,PARENTS,10,SALARIED,3,,6,บด40,SWIFT DEZIRE VXI,MARUTI - SWIFT DEZIRE VXI,36,SWIFT DEZIRE VXI,MARUTI,SALARIED,5/15/2014,425673,A3,Mid-Size,425673,,815,17.9,100501
115,Perry,Perry1@gmail.com,125000,6271,31.75,10220,Bang Khen,Bnagkok,PARENTS,10,SALARIED,4,,5,บด41,MARUTI SWIFT,MARUTI - SWIFT,24,SWIFT,MARUTI,SALARIED,5/22/2014,320157,A2,Compact,640314,,825,18.85,100501
117,Dave,Dave1@gmail.com,200000,6598,43.17,10220,Bang Khen,Bnagkok,SELF,30,SELF EMPLOYED NON-PROFESSIONAL,,20,,บด42,SWIFT DZIRE VDI,MARUTI - SWIFT DZIRE VDI,36,SWIFT DZIRE VDI,MARUTI,SELF EMPLOYED NON-PROFESSIONAL,5/23/2014,464198,A3,Mid-Size,464198,,-1,18.86,100501
118,Anthony,Anthony1@gmail.com,700000,,24.42,10220,Bang Khen,Bnagkok,SELF,,SELF EMPLOYED NON-PROFESSIONAL,,5,,บด43,SKODA LAURA,SKODA - SKODA LAURA,60,SKODA LAURA,SKODA,SELF EMPLOYED NON-PROFESSIONAL,5/23/2014,,A5,Premium-I,1000000,,760,23.6,100501
119,Eddie,Eddie1@gmail.com,576000,14500,36.5,10220,Bang Khen,Bnagkok,SELF,5,SALARIED,6,,6,บด44,VOLKSWAGAN POLO,VOLKSWAGAN - POLO HIGHLINE 1.2,60,POLO HIGHLINE 1.2,VOLKSWAGAN,SALARIED,5/26/2014,480255,A2,Compact,480255,,741,17.52,100501
121,Amos,Amos1@gmail.com,200000,,22.33,10220,Bang Khen,Bnagkok,PARENTS,,SELF EMPLOYED NON-PROFESSIONAL,,2,,บด45,TATA INDICA,TATA MOTORS - INDICA VISTA A TDI,36,INDICA VISTA A TDI,TATA MOTORS LTD,SELF EMPLOYED NON-PROFESSIONAL,5/29/2014,,A2,Compact,305826,,769,15.6,100501
122,Dennis,Dennis1@gmail.com,2000000,50000,57.17,10220,Bang Khen,Bnagkok,SELF,,SELF EMPLOYED NON-PROFESSIONAL,,20,,บด46,FORTUNER 4 WD,TOYOTA - FORTUNER 4 WD,60,FORTUNER 4 WD,TOYOTA,SELF EMPLOYED NON-PROFESSIONAL,6/5/2014,1943564,SUV,SUV,1943564,,848,22.5,100501
124,Clifford,Clifford1@gmail.com,302000,6000,30.83,10220,Bang Khen,Bnagkok,PARENTS,25,SALARIED,0.01,,0.1,บด47,MARUTI A STAR,MARUTI - ASTARLXI,48,ASTARLXI,MARUTI,SALARIED,6/19/2014,239973,A2,Compact,239973,83.58,776,18.8,100501
125,Leroy,Leroy1@gmail.com,225000,8430,31.1,10220,Bang Khen,Bnagkok,PARENTS,30,SELF EMPLOYED NON-PROFESSIONAL,,15,,บด48,TATA INDIGO,TATA MOTORS - INDIGO CS LS TCICI,30,INDIGO CS LS TCICI,TATA MOTORS LTD,SELF EMPLOYED NON-PROFESSIONAL,6/19/2014,258149,A3,Mid-Size,258149,10654.33,769,19.01,100501
126,Wesley,Wesley1@gmail.com,230000,9400,45.17,10220,Bang Khen,Bnagkok,PARENTS,35,SELF EMPLOYED NON-PROFESSIONAL,,25,,บด49,TATA INDICA,TATA MOTORS - INDICA VISTA,30,INDICA VISTA,TATA MOTORS LTD,SELF EMPLOYED NON-PROFESSIONAL,6/19/2014,343511,A2,Compact,343511,197839,713,18.28,100501
127,Alonzo,Alonzo1@gmail.com,900000,27200,51.58,10220,Bang Khen,Bnagkok,SELF,8,SELF EMPLOYED NON-PROFESSIONAL,,15,,บด50,HYUNDAI VERNA,HYUNDAI - VERNA CRDI SX,60,VERNA CRDI SX,HYUNDAI,SELF EMPLOYED NON-PROFESSIONAL,6/20/2014,885783,A3,Mid-Size,885783,,812,19.1,100501
128,Garfield,Garfield1@gmail.com,400000,14000,30.1,10220,Bang Khen,Bnagkok,SELF,,SALARIED,5,,5,บด52,SWIFT VXI,MARUTI - SWIFT VXI,60,SWIFT VXI,MARUTI,SALARIED,6/20/2014,,A2,Compact,500000,,780,12.6,100501
129,Franklin,Franklin1@gmail.com,1000000,23000,44.9,10220,Bang Khen,Bnagkok,SELF,,SELF EMPLOYED NON-PROFESSIONAL,,5,,บด53,TOYOTA INNOVA,TOYOTA - INNOVA 2.5 AQM,60,INNOVA 2.5 AQM,TOYOTA,SELF EMPLOYED NON-PROFESSIONAL,6/25/2014,,MUV,MUV,1200000,,694,15.7,100501
132,Emil,Emil1@gmail.com,350000,9000,21,10220,Bang Khen,Bnagkok,PARENTS,20,SELF EMPLOYED NON-PROFESSIONAL,,7,,บด54,MARUTI SX4,MARUTI - SX4VXI,35,SX4VXI,MARUTI,SELF EMPLOYED NON-PROFESSIONAL,6/28/2014,288084,A3,Mid-Size,288084,,791,18.91,100501
133,Leon,Leon1@gmail.com,400000,10158,29.12,10220,Bang Khen,Bnagkok,PARENTS,25,SELF EMPLOYED NON-PROFESSIONAL,,4,,บด55,VOLKSWAGEN VENTO,VOLKSWAGAN - VENTO 1.6 TREND MT,60,VENTO 1.6 TREND MT,VOLKSWAGAN,SELF EMPLOYED NON-PROFESSIONAL,7/2/2014,664866,A3,Mid-Size,664866,4994.17,-1,17.7,100501
135,Nathan,Nathan1@gmail.com,300000,11000,26.1,10220,Bang Khen,Bnagkok,RENTED,2.5,SALARIED,1,,3,บด56,MARUTI SX4,MARUTI - SX4VXI,32,SX4VXI,MARUTI,SALARIED,7/10/2014,322309,A3,Mid-Size,322309,12931.83,808,19.24,100501
137,Harold,Harold1@gmail.com,350000,10000,23.33,10220,Bang Khen,Bnagkok,PARENTS,1.5,SALARIED,2,,4,บด58,FORD FIESTA,FORD - FORD FIESTA 1.4,60,FORD FIESTA 1.4,FORD INDIA,SALARIED,7/14/2014,451212,A3,Mid-Size,451212,29572.83,-1,17.9,100501
138,Matthew,Matthew1@gmail.com,255000,9028,55.92,10220,Bang Khen,Bnagkok,SELF,15,SALARIED,32,,32,บด59,TATA INDICA,TATA MOTORS - INDICA VISTA A TDI,36,INDICA VISTA A TDI,TATA MOTORS LTD,SALARIED,7/16/2014,377020,A2,Compact,377020,,774,15.68,100501
139,Levi,Levi1@gmail.com,100000,5000,27.5,10220,Bang Khen,Bnagkok,SELF,,SELF EMPLOYED NON-PROFESSIONAL,,,,บด60,HYUNDAI VERNA,HYUNDAI - VERNA VGT SX,60,VERNA VGT SX,HYUNDAI,SELF EMPLOYED NON-PROFESSIONAL,7/16/2014,,A3,Mid-Size,110000,,713,24.5,100501
140,Moses,Moses1@gmail.com,500000,26100,45.12,10220,Bang Khen,Bnagkok,SELF,7,SELF EMPLOYED NON-PROFESSIONAL,,9,,บด61,VOLKSWAGAN POLO,VOLKSWAGAN - POLO 1.2 COMFORT,36,POLO 1.2 COMFORT,VOLKSWAGAN,SELF EMPLOYED NON-PROFESSIONAL,7/21/2014,592801,A2,Compact,592801,1827.67,620,18.62,100501
141,Everett,Everett1@gmail.com,800000,18000,36.11,10220,Bang Khen,Bnagkok,SELF,,SELF EMPLOYED NON-PROFESSIONAL,,,,บด62,SWIFT DZIRE VDI,MARUTI - SWIFT DZIRE VDI,60,SWIFT DZIRE VDI,MARUTI,SELF EMPLOYED NON-PROFESSIONAL,7/24/2014,,A3,Mid-Size,900000,,734,18.5,100501
142,Lester,Lester1@gmail.com,350000,9100,32.9,10220,Bang Khen,Bnagkok,PARENTS,22,SELF EMPLOYED NON-PROFESSIONAL,,4,,บด63,TATA INDICA,TATA MOTORS - INDICA VISTA A TDI,60,INDICA VISTA A TDI,TATA MOTORS LTD,SELF EMPLOYED NON-PROFESSIONAL,7/25/2014,444610,A2,Compact,444610,31263.42,539,15.4,100501
143,Winfield,Winfield1@gmail.com,423000,11000,49.1,10220,Bang Khen,Bnagkok,SELF,15,SELF EMPLOYED NON-PROFESSIONAL,,20,,บด64,HYUNDAI VERNA,HYUNDAI VERNA FLUIDIC 1.6 VTVT SX,60,Fluidic 1.6 VTVT SX,HYUNDAI,SELF EMPLOYED NON-PROFESSIONAL,8/5/2014,498755,A3,Mid-Size,498755,132564.7,759,16.7,100501
144,Adam,Adam1@gmail.com,185000,4800,52.83,10220,Bang Khen,Bnagkok,SELF,15,SALARIED,34,,34,บด65,MARUTI SUZUKI WAGON R 1.0,MARUTI SUZUKI WAGON R 1.0 LXI,60,LXi,MARUTI,SALARIED,8/12/2014,257794,A2,Compact,257794,16194.25,766,17.32,100501
145,Lloyd,Lloyd1@gmail.com,5400000,198000,48.5,10220,Bang Khen,Bnagkok,SELF,20,SELF EMPLOYED NON-PROFESSIONAL,,5,,บด66,LAND ROVER RANGE ROVER EVOQUE,LAND ROVER RANGE ROVER EVOQUE PRESTIGE SD4,36,Prestige SD4,LAND ROVER,SELF EMPLOYED NON-PROFESSIONAL,8/21/2014,5455500,A6,Premium-II,5455500,,776,18.4,100501
146,Mack,Mack1@gmail.com,334000,8700,38.67,10220,Bang Khen,Bnagkok,SELF,7,SELF EMPLOYED NON-PROFESSIONAL,,15,,บด67,TATA INDICA VISTA,TATA INDICA VISTA LS QUADRAJET BS IV,60,LS Quadrajet BS IV,TATA MOTORS LTD,SELF EMPLOYED NON-PROFESSIONAL,8/28/2014,393011,A2,Compact,393011,831,-1,18.44,100501
147,Fredrick,Fredrick1@gmail.com,250000,6350,25.92,10220,Bang Khen,Bnagkok,RENTED,1,SALARIED,5,,7,บด69,MARUTI SUZUKI RITZ,MARUTI SUZUKI RITZ VDI BS-IV,60,Vdi BS-IV,MARUTI,SALARIED,9/3/2014,465036,A2,Compact,465036,9421.83,-1,18.25,100501
148,Jay,Jay1@gmail.com,300000,10750,56.75,10220,Bang Khen,Bnagkok,PARENTS,25,SALARIED,4,,14,บด70,HYUNDAI SANTRO XING,HYUNDAI SANTRO XING GLS LPG,48,GLS LPG,HYUNDAI,SALARIED,9/12/2014,297783,A2,Compact,297783,,781,24,100501
149,Jess,Jess1@gmail.com,450000,12500,31.1,10220,Bang Khen,Bnagkok,PARENTS,,SELF EMPLOYED NON-PROFESSIONAL,,,,บด72,TOYOTA INNOVA,TOYOTA INNOVA 2.5 ZX 7 STR BS-III,36,2.5 ZX 7 STR BS-III,TOYOTA,SELF EMPLOYED NON-PROFESSIONAL,9/15/2014,,MUV,MUV,525000,,792,19.5,100501
151,Melvin,Melvin1@gmail.com,299000,10512,37.25,10220,Bang Khen,Bnagkok,SELF,2,SELF EMPLOYED NON-PROFESSIONAL,,4,,บด74,TATA INDICA VISTA,TATA INDICA VISTA LS TDI BS-III,36,LS TDI BS-III,TATA MOTORS LTD,SELF EMPLOYED NON-PROFESSIONAL,9/16/2014,398550,A2,Compact,797100,,804,16.14,100501
152,Noah,Noah1@gmail.com,400000,13500,35.2,10220,Bang Khen,Bnagkok,PARENTS,10,SELF EMPLOYED NON-PROFESSIONAL,,4,,บด76,TATA SAFARI,TATA SAFARI 4X2 EX DICOR BS-IV,36,4x2 EX DICOR BS-IV,TATA MOTORS LTD,SELF EMPLOYED NON-PROFESSIONAL,9/23/2014,490509,MUV,MUV,490509,54263.42,498,19.03,100501
154,Aaron,Aaron1@gmail.com,225000,5850,31.7,10220,Bang Khen,Bnagkok,PARENTS,20,SELF EMPLOYED NON-PROFESSIONAL,,2,,บด77,FORD FIGO,FORD FIGO DURATORQ DIESEL ZXI 1.4,60,Duratorq Diesel ZXI,FORD INDIA,SELF EMPLOYED NON-PROFESSIONAL,9/24/2014,425268,A2,Compact,425268,,-1,17.21,100501
155,Alvin,Alvin1@gmail.com,414000,16000,47.58,10220,Bang Khen,Bnagkok,PARENTS,20,SELF EMPLOYED NON-PROFESSIONAL,,20,,บด78,VOLKSWAGEN POLO,VOLKSWAGEN POLO TRENDLINE 1.2L (P),60,Trendline 1.2L (P),VOLKSWAGAN,SELF EMPLOYED NON-PROFESSIONAL,9/27/2014,511704,A2,Compact,511704,,791,19.3,100501
156,Norman,Norman1@gmail.com,400000,12500,39.12,10220,Bang Khen,Bnagkok,PARENTS,,SALARIED,10,,10,บด79,MARUTI SUZUKI SWIFT DZIRE,MARUTI SUZUKI SWIFT DZIRE VXI,60,VXI,MARUTI,SALARIED,9/27/2014,,A3,Mid-Size,400000,,564,14.4,100501
157,Gilbert,Gilbert1@gmail.com,1100000,38500,50.12,10220,Bang Khen,Bnagkok,PARENTS,5,SELF EMPLOYED NON-PROFESSIONAL,,10,,บด80,AUDI A4,AUDI A4 1.8 TFSI MULTITRONIC,36,1.8 TFSI Multitronic,AUDI,SELF EMPLOYED NON-PROFESSIONAL,9/29/2014,2036806,A6,Premium-II,2036806,43099.25,820,16.48,100501
159,Elijah,Elijah1@gmail.com,340000,8800,36.1,10220,Bang Khen,Bnagkok,PARENTS,7,SELF EMPLOYED NON-PROFESSIONAL,,7,,บด81,MARUTI SUZUKI ESTILO,MARUTI SUZUKI ESTILO LXI BS-IV,60,LXi BS-IV,MARUTI,SELF EMPLOYED NON-PROFESSIONAL,10/9/2014,283566,A2,Compact,283566,,684,17.9,100501
161,Victor,Victor1@gmail.com,363000,12628,45.17,10220,Bang Khen,Bnagkok,PARENTS,30,SELF EMPLOYED NON-PROFESSIONAL,,23,,บด82,MARUTI SUZUKI ERTIGA,MARUTI SUZUKI ERTIGA VXI,36,Vxi,MARUTI,SELF EMPLOYED NON-PROFESSIONAL,10/9/2014,580000,A3,Mid-Size,580000,,586,15.37,100501
162,Gus,Gus1@gmail.com,300000,10700,38.92,10220,Bang Khen,Bnagkok,SELF,5,SELF EMPLOYED NON-PROFESSIONAL,,4,,บด83,TATA INDICA VISTA,TATA INDICA VISTA LS TDI BS-III,36,LS TDI BS-III,TATA MOTORS LTD,SELF EMPLOYED NON-PROFESSIONAL,10/10/2014,424255,A2,Compact,424255,123721.2,791,16.77,100501
163,Nelson,Nelson1@gmail.com,190000,5600,37.1,10220,Bang Khen,Bnagkok,SELF,,SALARIED,10,,10,บด84,MARUTI SUZUKI WAGON R 1.0,MARUTI SUZUKI WAGON R 1.0 VXI,36,VXi,MARUTI,SALARIED,10/14/2014,,A2,Compact,250000,,777,18.4,100501
164,Jasper,Jasper1@gmail.com,302000,7400,28.1,10220,Bang Khen,Bnagkok,STAFF QUARTER,1,SALARIED,11,,11,บด85,MARUTI SUZUKI WAGON R 1.0,MARUTI SUZUKI WAGON R 1.0 LXI,60,LXi,MARUTI,SALARIED,10/14/2014,335147,A2,Compact,335147,8211.67,-1,17.96,100501
165,Silas,Silas1@gmail.com,352351,13500,31.08,10220,Bang Khen,Bnagkok,PARENTS,30,SELF EMPLOYED NON-PROFESSIONAL,,7,,บด86,HYUNDAI VERNA,HYUNDAI VERNA FLUIDIC 1.4 CRDI GL,34,Fluidic 1.4 CRDI GL,HYUNDAI,SELF EMPLOYED NON-PROFESSIONAL,10/15/2014,352351,A3,Mid-Size,352351,,822,19.29,100501
166,Christopher,Christopher1@gmail.com,302000,6983,30.2,10220,Bang Khen,Bnagkok,PARENTS,10,SALARIED,1,,2,บด88,MARUTI SUZUKI WAGON R 1.0,MARUTI SUZUKI WAGON R 1.0 LXI CNG,60,LXi CNG,MARUTI,SALARIED,10/16/2014,356523,A2,Compact,356523,16804.75,779,11.96,100501
167,Jake,Jake1@gmail.com,250000,13000,54.3,10220,Bang Khen,Bnagkok,SELF,,SALARIED,15,,20,บด89,HYUNDAI I10,HYUNDAI I10 MAGNA 1.1 LPG,60,Magna 1.1 LPG,HYUNDAI,SALARIED,10/31/2014,,A2,Compact,300000,,772,21.7,100501
169,Mike,Mike1@gmail.com,774000,20100,42.42,10220,Bang Khen,Bnagkok,SELF,4,SELF EMPLOYED NON-PROFESSIONAL,,10,,บด91,SKODA YETI,SKODA YETI AMBITION 2.0 TDI CR 4X4,60,2.0 TDI CR 4x4,SKODA,SELF EMPLOYED NON-PROFESSIONAL,11/4/2014,860541,SUV,SUV,860541,14265.92,617,26.5,100501
170,Percy,Percy1@gmail.com,500000,18000,28.12,10220,Bang Khen,Bnagkok,PARENTS,28,SELF EMPLOYED NON-PROFESSIONAL,,8,,บด92,MARUTI SUZUKI ERTIGA,MARUTI SUZUKI ERTIGA VDI,36,VDi,MARUTI,SELF EMPLOYED NON-PROFESSIONAL,11/6/2014,712608,A3,Mid-Size,712608,1284.17,833,17,100501
171,Adolph,Adolph1@gmail.com,200000,8500,30.83,10220,Bang Khen,Bnagkok,PARENTS,20,SELF EMPLOYED NON-PROFESSIONAL,,4,,บด93,TATA INDICA VISTA,TATA INDICA VISTA LX TDI BS-III,30,LX TDI BS-III,TATA MOTORS LTD,SELF EMPLOYED NON-PROFESSIONAL,11/10/2014,281969,A2,Compact,281969,3130.75,800,18.42,100501
172,Maurice,Maurice1@gmail.com,400000,10700,42.58,10220,Bang Khen,Bnagkok,SELF,7,SELF EMPLOYED NON-PROFESSIONAL,,20,,บด94,MAHINDRA XYLO,MAHINDRA XYLO H8 ABS BS IV,36,H8 ABS BS IV,MAHINDRA,SELF EMPLOYED NON-PROFESSIONAL,11/14/2014,471619,MUV,MUV,471619,,706,18.3,100501
173,Cornelius,Cornelius1@gmail.com,475000,12800,24.42,10220,Bang Khen,Bnagkok,PARENTS,21,SELF EMPLOYED NON-PROFESSIONAL,,8,,บด95,HYUNDAI I20,HYUNDAI I20 MAGNA (O) 1.2,60,Magna (O) 1.2,HYUNDAI,SELF EMPLOYED NON-PROFESSIONAL,11/14/2014,410939,A3,Mid-Size,410939,,782,14.3,100501
174,Felix,Felix1@gmail.com,172000,7845,36.92,10220,Bang Khen,Bnagkok,PARENTS,36,SELF EMPLOYED NON-PROFESSIONAL,,10,,บด97,TATA INDICA VISTA,TATA INDICA VISTA D90 ZX+ BS IV,36,D90 ZX+ BS IV,TATA MOTORS LTD,SELF EMPLOYED NON-PROFESSIONAL,11/14/2014,310550,A2,Compact,310550,12364,831,18.24,100501
175,Reuben,Reuben1@gmail.com,150000,4900,36.7,10220,Bang Khen,Bnagkok,RENTED,6,SALARIED,1,,1,บด98,CHEVROLET SPARK,CHEVROLET SPARK LT 1.0 BS-IV OBDII,28,LT 1.0 BS-IV OBDII,CHEVROLET INDIA LTD,SALARIED,11/14/2014,129433,A2,Compact,129433,701.83,815,16.8,100501
176,Wallace,Wallace1@gmail.com,400000,10400,32.4,10220,Bang Khen,Bnagkok,RENTED,1,SALARIED,3,,5,บด100,VOLKSWAGEN POLO,VOLKSWAGEN POLO HIGHLINE1.2L (P),60,Highline1.2L (P),VOLKSWAGAN,SALARIED,11/18/2014,550504,A2,Compact,550504,8485.25,552,11.7,100501
177,Claud,Claud1@gmail.com,882000,21786,57.42,10220,Bang Khen,Bnagkok,SELF,10,SALARIED,33,,33,บด101,TOYOTA INNOVA,TOYOTA INNOVA 2013 2.5 VX 8 STR BS-III,60,2013 2.5 VX 8 STR BS,TOYOTA,SALARIED,11/18/2014,1144269,MUV,MUV,1144269,9679.75,844,19.3,100501
179,Roscoe,Roscoe1@gmail.com,1000000,34700,41.08,10220,Bang Khen,Bnagkok,SELF,15,SELF EMPLOYED NON-PROFESSIONAL,,6,,บด102,TOYOTA INNOVA,TOYOTA INNOVA 2013 2.5 EV PS 8 STR BS-IV,36,2.5EV PS 8 STR BS-IV,TOYOTA,SELF EMPLOYED NON-PROFESSIONAL,11/20/2014,1105123,MUV,MUV,1105123,20101.33,783,15.19,100501
180,Sylvester,Sylvester1@gmail.com,421000,12500,64.17,10220,Bang Khen,Bnagkok,SELF,23,SELF EMPLOYED NON-PROFESSIONAL,,25,,บด103,TOYOTA INNOVA,TOYOTA INNOVA 2013 2.5 GX 7 STR BS-IV,48,2.5 GX 7 STR BS-IV,TOYOTA,SELF EMPLOYED NON-PROFESSIONAL,12/20/2014,768652,A3,Mid-Size,768652,23333.92,-1,18.8,100501
183,Earnest,Earnest1@gmail.com,1500000,38100,29,10220,Bang Khen,Bnagkok,PARENTS,20,SELF EMPLOYED NON-PROFESSIONAL,,3,,บด104,AUDI A4,AUDI A4 2.0 TDI (143BHP),60,2.0 TDI (143bhp),AUDI,SELF EMPLOYED NON-PROFESSIONAL,11/22/2014,2723651,A6,Premium-II,2723651,,777,14.21,100501
184,Hiram,Hiram1@gmail.com,450000,16170,29.5,10220,Bang Khen,Bnagkok,SELF,11,SELF EMPLOYED NON-PROFESSIONAL,,17,,บด105,TOYOTA INNOVA,TOYOTA INNOVA 2013 2.5 EV PS 8 STR BS-IV,36,2.5EV PS 8 STR BS-IV,TOYOTA,SELF EMPLOYED NON-PROFESSIONAL,11/24/2014,538812,MUV,MUV,538812,6882.75,762,22.1,100501
185,Otis,Otis1@gmail.com,300000,12500,30.11,10220,Bang Khen,Bnagkok,SELF,,SELF EMPLOYED NON-PROFESSIONAL,,,,บด106,CHEVROLET TAVERA,CHEVROLET TAVERA NEO 3 LT- 7(C) STR BS-III,36,Neo 3 LT- 7(C) STR B,CHEVROLET INDIA LTD,SELF EMPLOYED NON-PROFESSIONAL,11/24/2014,,MUV,MUV,500000,,527,15.5,100501
187,Simon,Simon1@gmail.com,350000,7400,38.33,10220,Bang Khen,Bnagkok,PARENTS,6,SELF EMPLOYED NON-PROFESSIONAL,,5,,บด107,TATA MANZA,TATA MANZA GVX,60,GVX,TATA MOTORS LTD,SELF EMPLOYED NON-PROFESSIONAL,12/4/2014,342412,A3,Mid-Size,342412,10700.58,765,18.7,100501
188,Willard,Willard1@gmail.com,800000,16800,39.7,10220,Bang Khen,Bnagkok,SELF,,SELF EMPLOYED NON-PROFESSIONAL,,,,บด109,Honda Mobilio,Honda Mobilio 1.5 SMT,60,Honda Mobilio,HONDA,SELF EMPLOYED NON-PROFESSIONAL,12/8/2014,,MUV,MUV,900000,,734,25.7,100501
189,Irvin,Irvin1@gmail.com,5000000,91000,50.6,10220,Bang Khen,Bnagkok,PARENTS,0.6,SELF EMPLOYED NON-PROFESSIONAL,,11,,บด110,PORSCHE CAYENNE,PORSCHE CAYENNE TURBO S,60,Turbo S,PORSCHE,SELF EMPLOYED NON-PROFESSIONAL,12/8/2014,5002700,A6,Premium-II,5002700,,738,22.9,100501
190,Mark,Mark1@gmail.com,500000,9800,33.2,10220,Bang Khen,Bnagkok,PARENTS,,SELF EMPLOYED NON-PROFESSIONAL,,,,บด111,MARUTI SUZUKI SWIFT,MARUTI SUZUKI SWIFT ZDI,60,ZDi,MARUTI,SELF EMPLOYED NON-PROFESSIONAL,12/9/2014,,A2,Compact,600000,,549,22.3,100501
191,Jose,Jose1@gmail.com,250000,15800,29.5,10220,Bang Khen,Bnagkok,RENTED,6,SELF EMPLOYED NON-PROFESSIONAL,,6,,บด112,HYUNDAI VERNA,HYUNDAI VERNA FLUIDIC 1.4 CRDI CX,36,Fluidic 1.4 CRDi CX,HYUNDAI,SELF EMPLOYED NON-PROFESSIONAL,12/9/2014,506070,A3,Mid-Size,506070,13624.67,734,18.1,100501
192,Wilbur,Wilbur1@gmail.com,150000,4000,31.1,10220,Bang Khen,Bnagkok,PARENTS,15,SELF EMPLOYED NON-PROFESSIONAL,,6,,บด113,MARUTI SUZUKI ALTO 800,MARUTI SUZUKI ALTO 800 LXI (AIRBAG),57,Lxi (Airbag),MARUTI,SELF EMPLOYED NON-PROFESSIONAL,12/10/2014,179105,A2,Compact,179105,4,-1,20.7,100501
193,Abraham,Abraham1@gmail.com,1100000,48500,44.4,10220,Bang Khen,Bnagkok,SELF,8,SELF EMPLOYED NON-PROFESSIONAL,,10,,บด114,CHEVROLET CAPTIVA,CHEVROLET CAPTIVA LT,36,LT,CHEVROLET INDIA LTD,SELF EMPLOYED NON-PROFESSIONAL,12/16/2014,1102830,SUV,SUV,1102830,,619,17.41,100501
194,Virgil,Virgil1@gmail.com,500000,14400,41.58,10220,Bang Khen,Bnagkok,SELF,10,SELF EMPLOYED NON-PROFESSIONAL,,14,,บด115,VOLKSWAGEN POLO,VOLKSWAGEN POLO COMFORTLINE 1.2L (D),60,Comfortline 1.2L (D),VOLKSWAGAN,SELF EMPLOYED NON-PROFESSIONAL,12/16/2014,650627,A2,Compact,650627,,765,21.4,100501
195,Clinton,Clinton1@gmail.com,1800000,43500,21.11,10220,Bang Khen,Bnagkok,PARENTS,12,SELF EMPLOYED NON-PROFESSIONAL,,10,,บด117,MITSUBISHI PAJERO SPORT,MITSUBISHI PAJERO SPORT 2.5 MT,60,2.5 MT,MITSUBISHI,SELF EMPLOYED NON-PROFESSIONAL,12/16/2014,2146971,SUV,SUV,2146971,24928.33,758,26.2,100501
197,Elbert,Elbert1@gmail.com,650000,14800,31.75,10220,Bang Khen,Bnagkok,PARENTS,30,SALARIED,3,,3,บด118,CHEVROLET ENJOY,CHEVROLET ENJOY 1.3 LTZ 7 STR,60,1.3 LTZ 7 STR,CHEVROLET INDIA LTD,SALARIED,12/17/2014,735581,MUV,MUV,735581,3716.08,789,21,100501
198,Leslie,Leslie1@gmail.com,1000000,23100,48.1,10220,Bang Khen,Bnagkok,RENTED,7,SELF EMPLOYED NON-PROFESSIONAL,,10,,บด119,MAHINDRA XUV500,MAHINDRA XUV500 W8 AWD,60,W8 AWD,MAHINDRA,SELF EMPLOYED NON-PROFESSIONAL,12/17/2014,1187015,SUV,SUV,1187015,64571,859,22,100501
199,Marshall,Marshall1@gmail.com,550000,29000,35.8,10220,Bang Khen,Bnagkok,PARENTS,20,SELF EMPLOYED NON-PROFESSIONAL,,9,,บด121,MARUTI SUZUKI SWIFT,MARUTI SUZUKI SWIFT ZDI,36,ZDi,MARUTI,SELF EMPLOYED NON-PROFESSIONAL,12/18/2014,659425,A2,Compact,659425,,521,21.41,100501
200,Owen,Owen1@gmail.com,110000,3950,26.8,10220,Bang Khen,Bnagkok,PARENTS,7,SALARIED,7,,7,บด122,MARUTI SUZUKI WAGON R 1.0,MARUTI SUZUKI WAGON R 1.0 LXI,36,LXi,MARUTI,SALARIED,12/18/2014,211220,A2,Compact,211220,6023.25,798,14.1,100501
201,Wiley,Wiley1@gmail.com,300000,5750,30.1,10260,Phra Khanon,Bnagkok,PARENTS,20,SELF EMPLOYED NON-PROFESSIONAL,,5,,บด124,MARUTI SUZUKI EECO,MARUTI SUZUKI EECO 5 STR WITH A/C+HTR CNG,60,5 STR WITH A/C+HTR C,MARUTI,SELF EMPLOYED NON-PROFESSIONAL,12/19/2014,278830,MUV,MUV,278830,27930.08,785,15.5,100901
203,Anton,Anton1@gmail.com,350000,14161,34.12,10260,Phra Khanon,Bnagkok,RELATIVE,7,SELF EMPLOYED NON-PROFESSIONAL,,7,,บด125,HONDA CITY,HONDA CITY VX DIESEL,29,VX Diesel,HONDA,SELF EMPLOYED NON-PROFESSIONAL,12/23/2014,384615,A3,Mid-Size,384615,4500.42,-1,17.7,100901
205,Morris,Morris1@gmail.com,800000,15000,60.25,10260,Phra Khanon,Bnagkok,SELF,30,SELF EMPLOYED NON-PROFESSIONAL,,10,,บด126,CHEVROLET TAVERA,CHEVROLET TAVERA NEO 3 LT- 9 STR BS-III,60,Neo 3 LT- 9 STR BS-I,CHEVROLET INDIA LTD,SELF EMPLOYED NON-PROFESSIONAL,12/23/2014,732123,MUV,MUV,732123,51962.25,785,18.74,100901
207,Manuel,Manuel1@gmail.com,800000,31850,39.33,10260,Phra Khanon,Bnagkok,PARENTS,8,SELF EMPLOYED NON-PROFESSIONAL,,10,,บด127,SKODA OCTAVIA,SKODA OCTAVIA ELEGANCE 2.0 TDI CR AT,16,Elegance 2.0 TDI CR,SKODA,SELF EMPLOYED NON-PROFESSIONAL,12/24/2014,530551,A4,Executive,530551,20579.42,588,26.5,100901
208,Phillip,Phillip1@gmail.com,279000,10250,40,10260,Phra Khanon,Bnagkok,PARENTS,20,SELF EMPLOYED NON-PROFESSIONAL,,3,,บด128,TATA INDICA VISTA,TATA INDICA VISTA LS TDI BS-III,36,LS TDI BS-III,TATA MOTORS LTD,SELF EMPLOYED NON-PROFESSIONAL,12/27/2014,372062,A2,Compact,372062,33118.67,802,17.5,100901
209,Augustus,Augustus1@gmail.com,700000,35000,54.17,10260,Phra Khanon,Bnagkok,SELF,20,SELF EMPLOYED NON-PROFESSIONAL,,30,,บด129,MITSUBISHI PAJERO SPORT,MITSUBISHI PAJERO SPORT 2.5 MT,24,2.5 MT,MITSUBISHI,SELF EMPLOYED NON-PROFESSIONAL,12/27/2014,1553962,SUV,SUV,1553962,6614.25,837,15.97,100901
211,Emmett,Emmett1@gmail.com,1100000,130000,66.1,10260,Phra Khanon,Bnagkok,SELF,8,RETIRED,,,,บด132,MITSUBISHI MONTERO,MITSUBISHI MONTERO 3.2 DI-D MT,12,3.2 Di-D MT,MITSUBISHI,RETIRED,12/27/2014,1152182,SUV,SUV,1182152,,625,20.5,100901
212,Eli,Eli1@gmail.com,250000,14000,33.12,10260,Phra Khanon,Bnagkok,PARENTS,33,SELF EMPLOYED NON-PROFESSIONAL,,6,,บด133,TOYOTA INNOVA,TOYOTA INNOVA 2013 2.5 VX 8 STR BS-IV,36,2013 2.5 VX 8 STR B,TOYOTA,SELF EMPLOYED NON-PROFESSIONAL,1/3/2015,978346,A3,Mid-Size,978346,78124.33,783,18.48,100901
213,Nicholas,Nicholas1@gmail.com,900000,29000,41.17,10260,Phra Khanon,Bnagkok,SELF,11,SELF EMPLOYED NON-PROFESSIONAL,,16,,บด135,VOLKSWAGEN VENTO,VOLKSWAGEN VENTO HIGHLINE PETROL AT,60,Highline Petrol AT,VOLKSWAGAN,SELF EMPLOYED NON-PROFESSIONAL,1/5/2015,943026,A3,Mid-Size,943026,,765,16.21,100901
214,Wilson,Wilson1@gmail.com,500000,12300,24.25,10260,Phra Khanon,Bnagkok,PARENTS,20,SELF EMPLOYED NON-PROFESSIONAL,,5,,บด137,MARUTI SUZUKI SWIFT,MARUTI SUZUKI SWIFT VXI,36,VXi,MARUTI,SELF EMPLOYED NON-PROFESSIONAL,1/5/2015,451825,A2,Compact,451825,8735,-1,18.2,100901
216,Alva,Alva1@gmail.com,500000,17500,55.7,10260,Phra Khanon,Bnagkok,SELF,,SELF EMPLOYED NON-PROFESSIONAL,,7,,บด138,VOLKSWAGEN POLO,VOLKSWAGEN POLO HIGHLINE1.2L (P),60,Highline1.2L (P),VOLKSWAGAN,SELF EMPLOYED NON-PROFESSIONAL,1/8/2015,573027,A2,Compact,573027,,802,17.46,100901
217,Harley,Harley1@gmail.com,700000,15000,50.7,10260,Phra Khanon,Bnagkok,SELF,,SELF EMPLOYED NON-PROFESSIONAL,,,,บด139,VOLKSWAGEN VENTO,VOLKSWAGEN VENTO HIGHLINE PETROL,60,Highline Petrol,VOLKSWAGAN,SELF EMPLOYED NON-PROFESSIONAL,1/20/2015,,A3,Mid-Size,800000,,570,16.4,100901
218,Newton,Newton1@gmail.com,550000,9800,39.1,10260,Phra Khanon,Bnagkok,PARENTS,,SELF EMPLOYED NON-PROFESSIONAL,,5,,บด140,TOYOTA INNOVA,TOYOTA INNOVA 2013 2.5 GX 7 STR BS-III,36,2013 2.5 GX 7 STR BS,TOYOTA,SELF EMPLOYED NON-PROFESSIONAL,1/23/2015,,A3,Mid-Size,700000,,807,14.9,100901
219,Timothy,Timothy1@gmail.com,1000000,18000,42.8,10260,Phra Khanon,Bnagkok,SELF,,SELF EMPLOYED NON-PROFESSIONAL,,5,,บด141,HONDA AMAZE,HONDA AMAZE 1.5 EXMT I-DTEC,60,1.5 EXMT i-DTEC,HONDA,SELF EMPLOYED NON-PROFESSIONAL,1/27/2015,,A3,Mid-Size,1100000,,-1,12.4,100901
220,Marvin,Marvin1@gmail.com,2500000,35000,49.7,10260,Phra Khanon,Bnagkok,SELF,,SELF EMPLOYED NON-PROFESSIONAL,,5,,บด142,Outlander,Mitsubishi - Outlander,60,Outlander,MITSUBISHI,SELF EMPLOYED NON-PROFESSIONAL,1/27/2015,,SUV,SUV,2500000,,769,11.9,100901
221,Ross,Ross1@gmail.com,600000,19600,31.25,10260,Phra Khanon,Bnagkok,SELF,1,SELF EMPLOYED NON-PROFESSIONAL,,5,,บด143,TOYOTA INNOVA,TOYOTA INNOVA 2.5 G 8 STR BS-IV,36,2.5 G 8 STR BS-IV,TOYOTA,SELF EMPLOYED NON-PROFESSIONAL,1/28/2015,673150,A3,Mid-Size,673150,3989,813,26.1,100901
222,Curtis,Curtis1@gmail.com,550000,13500,40.4,10260,Phra Khanon,Bnagkok,SELF,,SELF EMPLOYED NON-PROFESSIONAL,,10,,บด144,MARUTI SUZUKI SWIFT DZIRE,MARUTI SUZUKI SWIFT DZIRE VDI,60,VDI,MARUTI,SELF EMPLOYED NON-PROFESSIONAL,1/30/2015,,A3,Mid-Size,600000,,707,23.9,100901
223,Edmund,Edmund1@gmail.com,700000,13800,27.5,10510,Min buri,Bnagkok,PARENTS,25,SELF EMPLOYED NON-PROFESSIONAL,,6,,บด145,VOLKSWAGEN VENTO,VOLKSWAGEN VENTO HIGHLINE PETROL,60,Highline Petrol,VOLKSWAGAN,SELF EMPLOYED NON-PROFESSIONAL,2/4/2015,903089,A3,Mid-Size,903089,16971.33,735,22.1,101001
225,Jeff,Jeff1@gmail.com,200000,4920,39.42,10510,Min buri,Bnagkok,SELF,10,SELF EMPLOYED NON-PROFESSIONAL,,15,,บด146,CHEVROLET ENJOY,CHEVROLET ENJOY 1.3 LTZ 7 STR,60,1.3 LTZ 7 STR,CHEVROLET INDIA LTD,SELF EMPLOYED NON-PROFESSIONAL,2/7/2015,735581,MUV,MUV,735581,30903.33,824,16.87,101001
226,Elias,Elias1@gmail.com,1900000,64705,52.67,10510,Min buri,Bnagkok,SELF,5,SELF EMPLOYED NON-PROFESSIONAL,,8,,บด147,HONDA CR-V,HONDA CR-V 2.0L 2WD AT,36,2.0L 2WD AT,HONDA,SELF EMPLOYED NON-PROFESSIONAL,2/10/2015,2137599,SUV,SUV,2137599,141788.9,727,13.76,101001
227,Harrison,Harrison1@gmail.com,600000,18880,32.12,10510,Min buri,Bnagkok,PARENTS,15,SELF EMPLOYED NON-PROFESSIONAL,,9,,บด148,SKODA YETI,SKODA YETI AMBITION 2.0 TDI CR 4X4,60,2.0 TDI CR 4x4,SKODA,SELF EMPLOYED NON-PROFESSIONAL,2/12/2015,861237,SUV,SUV,861237,1965.17,787,17.58,101001
228,Stanley,Stanley1@gmail.com,700000,18500,46.9,10510,Min buri,Bnagkok,SELF,,SELF EMPLOYED NON-PROFESSIONAL,,,,บด149,TATA SAFARI STORME,TATA SAFARI STORME 2.2 EX 4X2,48,2.2 EX 4x2,TATA MOTORS LTD,SELF EMPLOYED NON-PROFESSIONAL,2/13/2015,,MUV,MUV,800000,,596,18.98,101001
229,Columbus,Columbus1@gmail.com,600000,21500,33,10510,Min buri,Bnagkok,PARENTS,7,SELF EMPLOYED NON-PROFESSIONAL,,8,,บด151,TOYOTA INNOVA,TOYOTA INNOVA 2013 2.5 GX 8 STR BS-III,34,2013 2.5 GX 8 STR B,TOYOTA,SELF EMPLOYED NON-PROFESSIONAL,2/13/2015,758169,A3,Mid-Size,758169,3150.25,800,11.7,101001
230,Lon,Lon1@gmail.com,200000,8400,32.42,10510,Min buri,Bnagkok,SELF,7,SELF EMPLOYED NON-PROFESSIONAL,,10,,บด152,TATA INDICA VISTA,TATA INDICA VISTA LS TDI BS-III,30,LS TDI BS-III,TATA MOTORS LTD,SELF EMPLOYED NON-PROFESSIONAL,2/21/2015,324566,A2,Compact,324566,1702.08,758,11.5,101001
231,Ora,Ora1@gmail.com,300000,8050,41.75,10510,Min buri,Bnagkok,SELF,11,SELF EMPLOYED NON-PROFESSIONAL,,40,,บด154,HYUNDAI I20,HYUNDAI I20 MAGNA (O) 1.2,48,Magna (O) 1.2,HYUNDAI,SELF EMPLOYED NON-PROFESSIONAL,2/21/2015,306561,A3,Mid-Size,306561,341259.5,803,21.5,101001
232,Ollie,Ollie1@gmail.com,400000,21250,39.5,10510,Min buri,Bnagkok,SELF,3,SELF EMPLOYED NON-PROFESSIONAL,,9,,บด155,HONDA AMAZE,HONDA AMAZE 1.5 VXMT I-DTEC,36,1.5 VXMT i-DTEC,HONDA,SELF EMPLOYED NON-PROFESSIONAL,2/24/2015,492895,A3,Mid-Size,492895,,673,19.32,101001
233,Russell,Russell1@gmail.com,600000,17522,47.8,10510,Min buri,Bnagkok,RENTED,0.3,SELF EMPLOYED NON-PROFESSIONAL,,10,,บด156,FORD FIESTA,FORD FIESTA TITANIUM+ PETROL,48,Titanium+ Petrol,FORD INDIA,SELF EMPLOYED NON-PROFESSIONAL,2/26/2015,561466,A3,Mid-Size,561466,,826,17.53,101001
234,Pearl,Pearl1@gmail.com,416000,16235,36.1,10510,Min buri,Bnagkok,SELF,12,SELF EMPLOYED NON-PROFESSIONAL,,2,,บด157,NISSAN SUNNY,NISSAN SUNNY XV,36,XV,Nissan,SELF EMPLOYED NON-PROFESSIONAL,2/27/2015,595301,A3,Mid-Size,1190602,17909.5,774,11.5,101001
236,Solomon,Solomon1@gmail.com,300000,7060,27.1,10510,Min buri,Bnagkok,PARENTS,3,SALARIED,0.9,,0.9,บด159,MARUTI SUZUKI WAGON R 1.0,MARUTI SUZUKI WAGON R 1.0 LXI CNG,60,LXi CNG,MARUTI,SALARIED,3/2/2015,356523,A2,Compact,356523,24809.08,779,18.5,101001
237,Arch,Arch1@gmail.com,350000,9450,28.33,10510,Min buri,Bnagkok,PARENTS,25,SALARIED,5,,10,บด161,TATA INDIGO ECS,TATA INDIGO ECS LS TDI BS-III,54,LS TDI BS-III,TATA MOTORS LTD,SALARIED,3/3/2015,412577,A3,Mid-Size,412577,25723.83,733,17.03,101001
238,Asa,Asa1@gmail.com,425000,7900,43.8,10510,Min buri,Bnagkok,PARENTS,40,SALARIED,15,,15,บด162,MARUTI SUZUKI RITZ,MARUTI SUZUKI RITZ VXI BS-IV,36,Vxi BS-IV,MARUTI,SALARIED,3/3/2015,260000,A2,Compact,260000,9584.17,661,19.8,101001